,sequence_ID,source,AA_sequence,len,prot_name,virus_name,ref_seq,library,human_host,fasta_file,original_fasta_header,regular_orf,polyprotein,nsp_split,cluster
0,EPI_ISL_402119_3b,GISAID,MMPTIFFAGILIVTTIVYLTIV,22,3b,Severe acute respiratory syndrome coronavirus 2,False,1,True,SARS-Cov_2_missing_proteins.fasta,hCoV-19/Wuhan/IVDC-HB-01/2019|EPI_ISL_402119_3b,True,False,False,False
1,EPI_ISL_402119_9b,GISAID,MDPKISEMHPALRLVDPQIQLAVTRMENAVGRDQNNVGPKVYPIILRLGSPLSLNMARKTLNSLEDKAFQLTPIAVQMTKLATTEELPDEFVVVTVK,97,9b,Severe acute respiratory syndrome coronavirus 2,False,1,True,SARS-Cov_2_missing_proteins.fasta,hCoV-19/Wuhan/IVDC-HB-01/2019|EPI_ISL_402119_9b,True,False,False,False
2,EPI_ISL_402119_orf14,GISAID,MLQSCYNFLKEQHCQKASTQKGAEAAVKPLLVPHHVVATVQEIQLQAAVGELLLLEWLAMAVMLLLLCCCLTD,73,orf14,Severe acute respiratory syndrome coronavirus 2,False,1,True,SARS-Cov_2_missing_proteins.fasta,hCoV-19/Wuhan/IVDC-HB-01/2019|EPI_ISL_402119_orf14,True,False,False,False
3,EPI_ISL_402119_unnamed,GISAID,MMNRRRLLACLCKHKLMSTNLCTHSFRKRQVR,32,unnamed,Severe acute respiratory syndrome coronavirus 2,False,1,True,SARS-Cov_2_missing_proteins.fasta,hCoV-19/Wuhan/IVDC-HB-01/2019|EPI_ISL_402119_unnamed,True,False,False,False
4,NP_073551.1,NCBI,MFVLLVAYALLHIAGCQTTNGLNTSYSVCNGCVGYSENVFAVESGGYIPSDFAFNNWFLLTNTSSVVDGVVRSFQPLLLNCLWSVSGLRFTTGFVYFNGTGRGDCKGFSSDVLSDVIRYNLNFEENLRRGTILFKTSYGVVVFYCTNNTLVSGDAHIPFGTVLGNFYCFVNTTIGNETTSAFVGALPKTVREFVISRTGHFYINGYRYFTLGNVEAVNFNVTTAETTDFCTVALASYADVLVNVSQTSIANIIYCNSVINRLRCDQLSFDVPDGFYSTSPIQSVELPVSIVSLPVYHKHTFIVLYVDFKPQSGGGKCFNCYPAGVNITLANFNETKGPLCVDTSHFTTKYVAVYANVGRWSASINTGNCPFSFGKVNNFVKFGSVCFSLKDIPGGCAMPIVANWAYSKYYTIGSLYVSWSDGDGITGVPQPVEGVSSFMNVTLDKCTKYNIYDVSGVGVIRVSNDTFLNGITYTSTSGNLLGFKDVTKGTIYSITPCNPPDQLVVYQQAVVGAMLSENFTSYGFSNVVELPKFFYASNGTYNCTDAVLTYSSFGVCADGSIIAVQPRNVSYDSVSAIVTANLSIPSNWTTSVQVEYLQITSTPIVVDCSTYVCNGNVRCVELLKQYTSACKTIEDALRNSARLESADVSEMLTFDKKAFTLANVSSFGDYNLSSVIPSLPTSGSRVAGRSAIEDILFSKLVTSGLGTVDADYKKCTKGLSIADLACAQYYNGIMVLPGVADAERMAMYTGSLIGGIALGGLTSAVSIPFSLAIQARLNYVALQTDVLQENQKILAASFNKAMTNIVDAFTGVNDAITQTSQALQTVATALNKIQDVVNQQGNSLNHLTSQLRQNFQAISSSIQAIYDRLDTIQADQQVDRLITGRLAALNVFVSHTLTKYTEVRASRQLAQQKVNECVKSQSKRYGFCGNGTHIFSIVNAAPEGLVFLHTVLLPTQYKDVEAWSGLCVDGTNGYVLRQPNLALYKEGNYYRITSRIMFEPRIPTMADFVQIENCNVTFVNISRSELQTIVPEYIDVNKTLQELSYKLPNYTVPDLVVEQYNQTILNLTSEISTLENKSAELNYTVQKLQTLIDNINSTLVDLKWLNRVETYIKWPWWVWLCISVVLIFVVSMLLLCCCSTGCCGFFSCFASSIRGCCESTKLPYYDVEKIHIQ,1173,surface glycoprotein,Human coronavirus 229E,True,1,True,Coronaviridae_new_human_cdhit100_rorf.fasta,NP_073551.1 surface glycoprotein [Human coronavirus 229E],True,False,False,False
5,NP_073552.1,NCBI,MALGLFTLQLVSAVNQSLSNAKVSAEVSRQVIQDVKDGTVTFNLLAYTLMSLFVVYFALFKARSHRGRAALIVFKILILFVYVPLLYWSQAYIYATLIAVILLGRFFHTAWHCWLYKTWDFIVFNVTTLCYAR,133,4a protein,Human coronavirus 229E,True,1,True,Coronaviridae_new_human_cdhit100_rorf.fasta,NP_073552.1 4a protein [Human coronavirus 229E],True,False,False,False
6,NP_073553.1,NCBI,MQGKCWFLENKALKPFVCFYGGDQFLYIGDRIVSYFSTNDLYVALRGRIDKDLSLSRKVELYNGECVYLFCEHPAVGIVNTDFKLEIH,88,4b protein,Human coronavirus 229E,True,1,True,Coronaviridae_new_human_cdhit100_rorf.fasta,NP_073553.1 4b protein [Human coronavirus 229E],True,False,False,False
7,NP_073554.1,NCBI,MFLKLVDDHALVVNVLLWCVVLIVILLVCITIIKLIKLCFTCHMFCNRTVYGPIKNVYHIYQSYMHIDPFPKRVIDF,77,envelope protein,Human coronavirus 229E,True,1,True,Coronaviridae_new_human_cdhit100_rorf.fasta,NP_073554.1 envelope protein [Human coronavirus 229E],True,False,False,False
8,NP_073555.1,NCBI,MSNDNCTGDIVTHLKNWNFGWNVILTIFIVILQFGHYKYSRLFYGLKMLVLWLLWPLVLALSIFDTWANWDSNWAFVAFSFFMAVSTLVMWVMYFANSFRLFRRARTFWAWNPEVNAITVTTVLGQTYYQPIQQAPTGITVTLLSGVLYVDGHRLASGVQVHNLPEYMTVAVPSTTIIYSRVGRSVNSQNSTGWVFYVRVKHGDFSAVSSPMSNMTENERLLHFF,225,membrane protein,Human coronavirus 229E,True,1,True,Coronaviridae_new_human_cdhit100_rorf.fasta,NP_073555.1 membrane protein [Human coronavirus 229E],True,False,False,False
9,NP_073556.1,NCBI,MATVKWADASEPQRGRQGRIPYSLYSPLLVDSEQPWKVIPRNLVPINKKDKNKLIGYWNVQKRFRTRKGKRVDLSPKLHFYYLGTGPHKDAKFRERVEGVVWVAVDGAKTEPTGYGVRRKNSEPEIPHFNQKLPNGVTVVEEPDSRAPSRSQSRSQSRGRGESKPQSRNPSSDRNHNSQDDIMKAVAAALKSLGFDKPQEKDKKSAKTGTPKPSRNQSPASSQTSAKSLARSQSSETKEQKHEMQKPRWKRQPNDDVTSNVTQCFGPRDLDHNFGSAGVVANGVKAKGYPQFAELVPSTAAMLFDSHIVSKESGNTVVLTFTTRVTVPKDHPHLGKFLEELNAFTREMQQHPLLNPSALEFNPSQTSPATAEPVRDEVSIETDIIDEVN,389,nucleocapsid protein,Human coronavirus 229E,True,1,True,Coronaviridae_new_human_cdhit100_rorf.fasta,NP_073556.1 nucleocapsid protein [Human coronavirus 229E],True,False,False,False
10,NP_828851.1,NCBI,MFIFLLFLTLTSGSDLDRCTTFDDVQAPNYTQHTSSMRGVYYPDEIFRSDTLYLTQDLFLPFYSNVTGFHTINHTFGNPVIPFKDGIYFAATEKSNVVRGWVFGSTMNNKSQSVIIINNSTNVVIRACNFELCDNPFFAVSKPMGTQTHTMIFDNAFNCTFEYISDAFSLDVSEKSGNFKHLREFVFKNKDGFLYVYKGYQPIDVVRDLPSGFNTLKPIFKLPLGINITNFRAILTAFSPAQDIWGTSAAAYFVGYLKPTTFMLKYDENGTITDAVDCSQNPLAELKCSVKSFEIDKGIYQTSNFRVVPSGDVVRFPNITNLCPFGEVFNATKFPSVYAWERKKISNCVADYSVLYNSTFFSTFKCYGVSATKLNDLCFSNVYADSFVVKGDDVRQIAPGQTGVIADYNYKLPDDFMGCVLAWNTRNIDATSTGNYNYKYRYLRHGKLRPFERDISNVPFSPDGKPCTPPALNCYWPLNDYGFYTTTGIGYQPYRVVVLSFELLNAPATVCGPKLSTDLIKNQCVNFNFNGLTGTGVLTPSSKRFQPFQQFGRDVSDFTDSVRDPKTSEILDISPCAFGGVSVITPGTNASSEVAVLYQDVNCTDVSTAIHADQLTPAWRIYSTGNNVFQTQAGCLIGAEHVDTSYECDIPIGAGICASYHTVSLLRSTSQKSIVAYTMSLGADSSIAYSNNTIAIPTNFSISITTEVMPVSMAKTSVDCNMYICGDSTECANLLLQYGSFCTQLNRALSGIAAEQDRNTREVFAQVKQMYKTPTLKYFGGFNFSQILPDPLKPTKRSFIEDLLFNKVTLADAGFMKQYGECLGDINARDLICAQKFNGLTVLPPLLTDDMIAAYTAALVSGTATAGWTFGAGAALQIPFAMQMAYRFNGIGVTQNVLYENQKQIANQFNKAISQIQESLTTTSTALGKLQDVVNQNAQALNTLVKQLSSNFGAISSVLNDILSRLDKVEAEVQIDRLITGRLQSLQTYVTQQLIRAAEIRASANLAATKMSECVLGQSKRVDFCGKGYHLMSFPQAAPHGVVFLHVTYVPSQERNFTTAPAICHEGKAYFPREGVFVFNGTSWFITQRNFFSPQIITTDNTFVSGNCDVVIGIINNTVYDPLQPELDSFKEELDKYFKNHTSPDVDLGDISGINASVVNIQKEIDRLNEVAKNLNESLIDLQELGKYEQYIKWPWYVWLGFIAGLIAIVMVTILLCCMTSCCSCLKGACSCGSCCKFDEDDSEPVLKGVKLHYT,1255,E2 glycoprotein precursor,Severe acute respiratory syndrome-related coronavirus,True,1,True,Coronaviridae_new_human_cdhit100_rorf.fasta,NP_828851.1 E2 glycoprotein precursor [Severe acute respiratory syndrome-related coronavirus],True,False,False,False
11,NP_828852.2,NCBI,MDLFMRFFTLRSITAQPVKIDNASPASTVHATATIPLQASLPFGWLVIGVAFLAVFQSATKIIALNKRWQLALYKGFQFICNLLLLFVTIYSHLLLVAAGMEAQFLYLYALIYFLQCINACRIIMRCWLCWKCKSKNPLLYDANYFVCWHTHNYDYCIPYNSVTDTIVVTEGDGISTPKLKEDYQIGGYSEDRHSGVKDYVVVHGYFTEVYYQLESTQITTDTGIENATFFIFNKLVKDPPNVQIHTIDGSSGVANPAMDPIYDEPTTTTSVPL,274,hypothetical protein sars3a,Severe acute respiratory syndrome-related coronavirus,True,1,True,Coronaviridae_new_human_cdhit100_rorf.fasta,NP_828852.2 hypothetical protein sars3a [Severe acute respiratory syndrome-related coronavirus],True,False,False,False
12,NP_828853.1,NCBI,MMPTTLFAGTHITMTTVYHITVSQIQLSLLKVTAFQHQNSKKTTKLVVILRIGTQVLKTMSLYMAISPKFTTSLSLHKLLQTLVLKMLHSSSLTSLLKTHRMCKYTQSTALQELLIQQWIQFMMSRRRLLACLCKHKKVSTNLCTHSFRKKQVR,154,hypothetical protein sars3b,Severe acute respiratory syndrome-related coronavirus,True,1,True,Coronaviridae_new_human_cdhit100_rorf.fasta,NP_828853.1 hypothetical protein sars3b [Severe acute respiratory syndrome-related coronavirus],True,False,False,False
13,NP_828854.1,NCBI,MYSFVSEETGTLIVNSVLLFLAFVVFLLVTLAILTALRLCAYCCNIVNVSLVKPTVYVYSRVKNLNSSEGVPDLLV,76,protein E,Severe acute respiratory syndrome-related coronavirus,True,1,True,Coronaviridae_new_human_cdhit100_rorf.fasta,NP_828854.1 protein E [Severe acute respiratory syndrome-related coronavirus],True,False,False,False
14,NP_828855.1,NCBI,MADNGTITVEELKQLLEQWNLVIGFLFLAWIMLLQFAYSNRNRFLYIIKLVFLWLLWPVTLACFVLAAVYRINWVTGGIAIAMACIVGLMWLSYFVASFRLFARTRSMWSFNPETNILLNVPLRGTIVTRPLMESELVIGAVIIRGHLRMAGHSLGRCDIKDLPKEITVATSRTLSYYKLGASQRVGTDSGFAAYNRYRIGNYKLNTDHAGSNDNIALLVQ,221,matrix protein,Severe acute respiratory syndrome-related coronavirus,True,1,True,Coronaviridae_new_human_cdhit100_rorf.fasta,NP_828855.1 matrix protein [Severe acute respiratory syndrome-related coronavirus],True,False,False,False
15,NP_828856.1,NCBI,MFHLVDFQVTIAEILIIIMRTFRIAIWNLDVIISSIVRQLFKPLTKKNYSELDDEEPMELDYP,63,hypothetical protein sars6,Severe acute respiratory syndrome-related coronavirus,True,1,True,Coronaviridae_new_human_cdhit100_rorf.fasta,NP_828856.1 hypothetical protein sars6 [Severe acute respiratory syndrome-related coronavirus],True,False,False,False
16,NP_828857.1,NCBI,MKIILFLTLIVFTSCELYHYQECVRGTTVLLKEPCPSGTYEGNSPFHPLADNKFALTCTSTHFAFACADGTRHTYQLRARSVSPKLFIRQEEVQQELYSPLFLIVAALVFLILCFTIKRKTE,122,hypothetical protein sars7a,Severe acute respiratory syndrome-related coronavirus,True,1,True,Coronaviridae_new_human_cdhit100_rorf.fasta,NP_828857.1 hypothetical protein sars7a [Severe acute respiratory syndrome-related coronavirus],True,False,False,False
17,NP_828858.1,NCBI,MSDNGPQSNQRSAPRITFGGPTDSTDNNQNGGRNGARPKQRRPQGLPNNTASWFTALTQHGKEELRFPRGQGVPINTNSGPDDQIGYYRRATRRVRGGDGKMKELSPRWYFYYLGTGPEASLPYGANKEGIVWVATEGALNTPKDHIGTRNPNNNAATVLQLPQGTTLPKGFYAEGSRGGSQASSRSSSRSRGNSRNSTPGSSRGNSPARMASGGGETALALLLLDRLNQLESKVSGKGQQQQGQTVTKKSAAEASKKPRQKRTATKQYNVTQAFGRRGPEQTQGNFGDQDLIRQGTDYKHWPQIAQFAPSASAFFGMSRIGMEVTPSGTWLTYHGAIKLDDKDPQFKDNVILLNKHIDAYKTFPPTEPKKDKKKKTDEAQPLPQRQKKQPTVTLLPAADMDDFSRQLQNSMSGASADSTQA,422,nucleocapsid protein,Severe acute respiratory syndrome-related coronavirus,True,1,True,Coronaviridae_new_human_cdhit100_rorf.fasta,NP_828858.1 nucleocapsid protein [Severe acute respiratory syndrome-related coronavirus],True,False,False,False
18,NP_828859.1,NCBI,MDPNQTNVVPPALHLVDPQIQLTITRMEDAMGQGQNSADPKVYPIILRLGSQLSLSMARRNLDSLEARAFQSTPIVVQMTKLATTEELPDEFVVVTAK,98,hypothetical protein sars9b,Severe acute respiratory syndrome-related coronavirus,True,1,True,Coronaviridae_new_human_cdhit100_rorf.fasta,NP_828859.1 hypothetical protein sars9b [Severe acute respiratory syndrome-related coronavirus],True,False,False,False
19,NP_849175.1,NCBI,MNELTLIDFYLCFLAFLLFLVLIMLIIFWFSLEIQDLEEPCTKV,44,hypothetical protein sars7b,Severe acute respiratory syndrome-related coronavirus,True,1,True,Coronaviridae_new_human_cdhit100_rorf.fasta,NP_849175.1 hypothetical protein sars7b [Severe acute respiratory syndrome-related coronavirus],True,False,False,False
20,NP_849176.1,NCBI,MKLLIVLTCISLCSCICTVVQRCASNKPHVLEDPCKVQH,39,hypothetical protein sars8a,Severe acute respiratory syndrome-related coronavirus,True,1,True,Coronaviridae_new_human_cdhit100_rorf.fasta,NP_849176.1 hypothetical protein sars8a [Severe acute respiratory syndrome-related coronavirus],True,False,False,False
